id,Q,A,QS1,QS2
1,君合律师事务所上海分所联系方式是什么？,君合律师事务所上海分所的联系方式是电话：(86-21) 5298-5488，传真：(86-21) 5298-5492。,请问君合律师事务所上海分所的联系方式是什么？,君合律师事务所上海分所的联系方式是？
2,公司的本次股东大会的召集与召开程序是否符合法律规定？,公司的本次股东大会的召集与召开程序符合有关法律、法规、规范性文件及《公司章程》的规定。,本次股东大会的召集与召开程序是否符合法律法规？,公司召集的本次股东大会的程序是否符合法律规定？
3,润本生物技术股份有限公司2023年第三次临时股东大会的召开程序是否符合法律法规和公司章程的规定？,润本生物技术股份有限公司2023年第三次临时股东大会的召开程序符合法律法规和《公司章程》的规定。公司董事会根据规定召集，会议时间、地点和网络投票的相关内容均已经公告并严格按照公告进行了实施。,公司董事会是否合法合规地召集了润本生物技术股份有限公司2023年第三次临时股东大会？,润本生物技术股份有限公司2023年第三次临时股东大会的召开程序是否经过合法审议？
4,思特威（上海）电子科技股份有限公司2023年第二次临时股东大会的法律意见书有哪些内容？,该文件包括律所对股东大会召集、召开程序、出席会议人员资格、会议表决方式、表决程序和表决结果等相关事项的法律意见。,思特威（上海）电子科技股份有限公司2023年第二次临时股东大会的法律意见书具体包括哪些方面内容？,思特威（上海）电子科技股份有限公司2023年第二次临时股东大会的法律意见书主要涉及哪些方面？
5,科捷智能科技股份有限公司2023年第二次临时股东大会的法律意见书内容概述是什么？,该文件是北京市中伦（上海）律师事务所出具的法律意见书，针对科捷智能科技股份有限公司2023年第二次临时股东大会的召集、召开程序、出席人员资格、表决程序和表决结果等事项进行了审查和核实，并给出了符合《公司法》、《股东大会规则》等法律、法规和规范性文件以及《公司章程》规定的合法有效的结论。具体内容包括但不限于召开程序、出席人员资格、表决程序和表决结果等方面的详细说明。,科捷智能科技股份有限公司2023年第二次临时股东大会的法律意见书包括了哪些内容？,科捷智能科技股份有限公司2023年第二次临时股东大会的法律意见书具体讨论了什么内容？
6,德恒律师事务所出具的法律意见是否认为公司本次股东大会的召集和召开程序符合法律规定？,德恒律师认为，公司本次会议的召集程序符合《公司法》《股东大会规则》等法律、法规、规章、规范性文件以及《公司章程》的相关规定。公司本次会议的召开的实际时间、地点、会议内容与《股东大会通知》所告知的内容一致，本次会议的召集、召开程序符合法律规定。,德恒律师事务所是否认为公司本次股东大会的召集和召开程序符合法律规定？,德恒律师事务所对公司本次股东大会的召集和召开程序是否做出了何种评价？
7,康达律师事务所提供了哪些方面的法律意见？,康达律师事务所提供了关于公司股东大会的召集、召开程序、出席会议人员资格、审议事项和表决程序等方面的法律意见。,康达律师事务所就公司股东大会提供了哪些法律意见？,康达律师事务所对股东大会的哪些方面提出了法律意见？
8,北京市竞天公诚律师事务的这份文件涉及的内容是什么？,这份文件是北京市竞天公诚律师事务所出具的关于桐昆集团股份有限公司2023年限制性股票激励计划授予事项的法律意见书。文件中包括了有关公司激励计划的授予批准与授权、授予日、授予对象以及授予条件等内容。,北京市竞天公诚律师事务的这份文件涉及的主要内容是什么？,北京市竞天公诚律师事务的这份文件包括了哪些方面的内容？
9,公告的内容涉及什么内容?,公告内容涉及珠海市博元投资股份有限公司收到中国证券监督管理委员会调查通知书，涉及若干账户涉嫌违反证券法律法规交易公司股票的行为，并可能涉及交易期间在公司任职的董事。,这则公告涉及哪些方面?,涉及什么内容的公告?
10,起步股份因何受到行政处罚和市场禁入决定？,起步股份因为在2018年、2019年及2020年上半年度报告中存在虚假记载、重大遗漏，以及在公开发行文件中编造重大虚假内容，违反了证券法相关规定，因此受到了行政处罚和市场禁入决定。,为什么起步股份遭到行政处罚和市场禁入决定？,起步股份因何收到行政处罚决定书和市场禁入决定书？
11,起步股份有限公司收到的行政处罚及市场禁入事先告知书的内容及相关责任人有哪些？,起步股份有限公司收到的行政处罚及市场禁入事先告知书内容包括公司涉嫌违法事实、理由、依据及相关责任人的违法行为。涉嫌违法事实包括虚增营业收入、营业成本及利润总额、股份代持未披露行为、公开发行文件编造重大虚假内容等行为。相关责任人包括公司当时的总经理、董事长、财务总监、董事会秘书等人。,起步股份有限公司收到的行政处罚及市场禁入事先告知书包括哪些内容及相关责任人?,收到行政处罚及市场禁入事先告知书的起步股份有限公司存在哪些违法行为?
12,华仪电气股份有限公司收到的《行政处罚事先告知书》有哪些主要内容？,华仪电气股份有限公司于2023年11月21日收到了中国证监会浙江监管局下发的《行政处罚事先告知书》，主要内容包括公司涉嫌虚增营业收入、虚增应收账款、虚增利润等违法事实，以及对公司及相关负责人陈孟列、张学民的处罚决定和相应的权利告知。,华仪电气股份有限公司收到的《行政处罚事先告知书》有哪些具体违法行为？,《行政处罚事先告知书》对华仪电气股份有限公司有何影响？
13,公司的律师是否已对2023年限制性股票激励计划进行了必要的核查和验证？,是的，公司的律师已对2023年限制性股票激励计划进行了必要的核查和验证。根据法律意见书，公司律师已对提交的相关文件和资料进行了必要的核查和验证，以便出具法律意见书。,公司的律师是否核查和验证了2023年限制性股票激励计划？,2023年限制性股票激励计划是否经过公司律师的核查和验证？
14,文中提到的市值管理与操纵市场的区分是什么？,市值管理是上市公司的行为，旨在提升公司的价值并使股价充分反映公司的价值；而操纵市场则以影响股价为目标，涉及欺诈行为或者不当影响交易价量。,市值管理和操纵市场有何区别？,文中提到的市值管理和操纵市场有何不同？
15,关于股东大会召开的这份法律意见书内容涉及哪些方面？,这份法律意见书内容涉及了公司股东大会的召集、召开程序、出席会议人员资格和召集人资格的合法有效性、股东大会的表决程序以及股东大会的表决结果。,关于股东大会召开的这份法律意见书涉及了什么内容？,关于股东大会召开的法律意见书内容包括哪些方面？
16,上海医药集团股份有限公司收到了什么行政处罚决定？,上海医药集团股份有限公司的全资子公司上海上药第一生化药业有限公司收到上海市市场监督管理局下发的《行政处罚决定书》（沪市监反垄处﹝2023﹞202301401 号），因为实施不公平高价销售违反了《反垄断法》的规定，被责令停止违法行为，并处以罚款和没收违法所得的处罚。此处罚决定会对公司的财务报表造成一定负面影响。,上海医药集团股份有限公司因何受到行政处罚？,为什么上海医药收到了行政处罚决定书？
17,凯盛科技股份有限公司是否具备实施股票期权激励计划的资格？,根据本法律意见书，凯盛科技股份有限公司具备实施股票期权激励计划的主体资格和条件。公司已经依法设立并有效存续，不存在根据相关法律、法规及公司章程规定需要终止的情形，也不满足不得实行股权激励的情形的要求。此外，公司还具备实施股权激励的条件，包括公司治理结构规范、内部控制制度健全、发展战略明确等。,凯盛科技股份有限公司是否符合规定，可以实施股票期权激励计划吗？,凯盛科技股份有限公司是否具备依法设立股票期权激励计划的资格？
18,根据法律意见书，港中旅华贸国际物流股份有限公司2023年第二次临时股东大会的召集、召开程序、参与表决和表决结果是否合法、有效？,根据法律意见书，港中旅华贸国际物流股份有限公司2023年第二次临时股东大会的召集、召开程序、参与表决和表决结果合法、有效。,2023年第二次临时股东大会的召集、召开程序、参与表决和表决结果是否符合法律法规？,港中旅华贸国际物流股份有限公司2023年第二次临时股东大会的召集、召开程序合规吗？
19,上海汇丽建材股份有限公司2023年第一次临时股东大会的法律意见书内容概述是什么？,这篇法律意见书是由上海金茂律师事务所出具的，针对上海汇丽建材股份有限公司2023年第一次临时股东大会的召集、召开程序、出席会议人员的资格、股东大会的提案，以及本次股东大会的表决程序等进行了法律意见说明。,法律意见书概述,上海汇丽建材股份有限公司2023年第一次临时股东大会的法律意见书详细内容是什么？
20,深圳传音控股股份有限公司2023年第二次临时股东大会的法律意见书的核查内容有哪些？,法律意见书核查内容包括：召集和召开程序的合法性、出席人员及会议召集人资格的确认、会议表决程序的合法性、以及股东大会的表决结果的合法有效性。,对深圳传音控股股份有限公司2023年第二次临时股东大会的法律意见书进行核查涉及哪些内容？,深圳传音控股股份有限公司2023年第二次临时股东大会的法律意见书需核查哪些方面？
21,上海新致软件股份有限公司限制性股票激励计划的目的是什么？,上海新致软件股份有限公司实施限制性股票激励计划的目的是为了进一步健全公司长效激励机制，吸引和留住优秀人才，充分调动公司员工的积极性，有效地将股东利益、公司利益和员工个人利益结合在一起，使各方共同关注公司的长远发展。,上海新致软件股份有限公司为什么实施限制性股票激励计划？,上海新致软件股份有限公司为何要推行限制性股票激励计划？
22,上海市锦天城律师事务的这份文件主要包括哪些内容？,这份文件是上海市锦天城律师事务所就北京浩瀚深度信息技术股份有限公司发行可转换公司债券所涉的法律事宜出具的法律意见书。内容包括声明事项、释义以及正文部分，正文部分包括本次发行的批准和授权、发行人本次发行的主体资格、实质条件、设立、关联交易等详细内容。,上海市锦天城律师事务的这份文件的主要内容有哪些部分？,上海市锦天城律师事务的这份文件详细罗列了哪些方面的问题？
23,该律师事务所所提供的法律意见书的目的是什么？,该律师事务所提供的法律意见书旨在就江西悦安新材料股份有限公司向特定对象发行 A股股票的相关法律事项出具意见。,这份法律意见书的目的是为什么？,律师事务所提供这份法律意见书的主要目标是什么？
24,对于苏州道森钻采设备股份有限公司第一期“奋斗者”员工持股计划的法律意见，该律师事务所是如何给出确认公司实施本次员工持股计划的主体资格的？,该律师事务所通过核查公司文件和资料，并查询国家企业信用信息公示系统，确认了苏州道森钻采设备股份有限公司是依法设立并有效存续的股份有限公司，不存在需要解散或终止的情形，具备实施本次员工持股计划的主体资格。,这家律师事务所是如何确认苏州道森钻采设备股份有限公司具有实施员工持股计划的主体资格的？,该律师事务所是如何核实苏州道森钻采设备股份有限公司是否具备实施员工持股计划的主体资格的？
25,上海机电股份有限公司公告中提到的行政处罚对公司的影响如何？,上海机电股份有限公司公告中提到的行政处罚对公司的影响主要表现在：一是行政处罚涉及的主体为上海电气及其相关方，不涉及上海机电股份有限公司，不会对其正常生产经营活动造成影响；二是上述行政处罚将以中国证监会对上海电气最终出具的《行政处罚决定书》结论为准。上海机电股份有限公司将持续关注该事项的后续进展并依照有关法律法规的规定及时履行信息披露义务。,上海机电股份有限公司公告中行政处罚对公司的影响有哪些？,行政处罚对上海机电股份有限公司本身的影响有哪些？
26,上海机电股份有限公司控股股东是否因行政处罚受到影响？,上海机电股份有限公司控股股东上海电气及其相关方因行政处罚受到影响，但不会对上海机电股份有限公司的正常生产经营活动造成影响。,控股股东上海电气因行政处罚受到了影响吗？,行政处罚对上海机电股份有限公司的控股股东有什么影响？
27,关于上海电气的这则公告涉及了哪些主要违法事实和责任人员?,该公告涉及上海电气涉嫌未及时披露重大事件以及2020年年报存在虚假记载的违法事实，责任人员包括郑建华、胡康、伏蓉、陈干锦、沈欣、毛利民等。,关于上海电气的这份公告涉及了哪些违法行为和涉事人员?,关于上海电气的这份公告中指出了哪些违法事实及相关责任人员?
28,这则公告涉及的证券违法行为有哪些？,这则公告涉及的证券违法行为包括未及时披露可能导致经营业绩亏损或大幅变动的重大事件以及在2020年年报中存在虚假记载的行为。,公告中所涉及的证券违法行为有哪些？,这则公告涉及了哪些违法行为？
29,金茂凯德律师事务所对上海外高桥集团股份有限公司2023年第三次临时股东大会的法律意见,金茂凯德律师事务所根据相关法律、法规和规范性文件，就上海外高桥集团股份有限公司2023年第三次临时股东大会的召集、召开程序、出席会议人员资格以及股东大会表决程序等发表法律意见，并确认本次股东大会的各项程序合法有效。,金茂凯德律师事务所对上海外高桥集团股份有限公司2023年第三次临时股东大会的法律解读,2023年上海外高桥集团股份有限公司第三次临时股东大会法律意见书内容
30,上海金茂凯德律师事务所对于2023年第一次临时股东大会的法律意见包括哪些方面？,上海金茂凯德律师事务所的法律意见涵盖了第一次临时股东大会的召集和召开程序、出席会议人员的资格、股东大会未有股东提出临时提案、现场会议的表决程序、网络投票的表决程序以及股东大会的表决结果等方面。,上海金茂凯德律师事务所对于2023年第一次临时股东大会的法律意见涵盖了哪些内容？,2023年第一次临时股东大会，上海金茂凯德律师事务所提供了哪些方面的法律意见？
31,律师事务所在法律意见书中对东方时尚驾驶学校股份有限公司2023年第三次临时股东大会的召集和召开程序、出席会议人员资格、召集人的资格以及股东大会的表决程序和结果是否发表了法律意见？,律师事务所在法律意见书中确实对东方时尚驾驶学校股份有限公司2023年第三次临时股东大会的召集和召开程序、出席会议人员资格、召集人的资格以及股东大会的表决程序和结果发表了法律意见。,律师事务所是否在法律意见书中对东方时尚驾驶学校股份有限公司2023年第三次临时股东大会的法律程序和结果发表了意见？,东方时尚驾驶学校股份有限公司2023年第三次临时股东大会的法律意见是否在法律意见书中得到了充分阐述？
32,中国船舶重工股份有限公司因何收到行政处罚事先告知书？,"中国船舶重工股份有限公司因未对下属子公司存货在相应会计期间准确计提减值，导致2018年多计利润7,181.24万元，2019年多计利润10,711.29万元，2020年少计利润12,200万元，从而使得 2018年、2019年、2020年年度报告存在错报，因此受到了行政处罚事先告知书的通知。",中国船舶重工股份有限公司为什么会收到行政处罚事先告知书？,中国船舶重工股份有限公司收到何种通知并受到什么处罚？
33,中国船舶重工股份有限公司收到的行政处罚决定书对公司有何影响？,中船重工因未对下属子公司存货在相应会计期间准确计提减值，导致2018年多计利润7181.24万元，2019年多计利润10711.29万元，2020年少计利润12200万元，违反了证券法相关规定，被责令更正并处以150万元的罚款。公司已在2023年12月12日披露了关于前期会计差错更正的公告，并表示将以此为戒，提升会计核算水平，夯实会计信息质量，积极维护公司及广大投资者合法权益。,中国船舶重工股份有限公司收到行政处罚决定书对公司有什么影响？,中国船舶重工股份有限公司未对下属子公司存货在相应会计期间准确计提减值导致的行政处罚决定书对公司有何影响？
34,中昌大数据股份有限公司于2023年6月27日公告收到《行政处罚决定书》，涉及何种违法行为以及被处罚的具体情况？,中昌大数据股份有限公司收到《行政处罚决定书》涉及违法行为包括未按规定披露关联交易和未及时披露重大诉讼及进展情况。根据该决定，公司被责令改正并给予警告，处以150万元罚款；厉群南被警告并处以70万元罚款；薛玮佳被警告并处以50万元罚款。,中昌大数据股份有限公司在2023年6月27日公告中涉及哪些违法行为以及相关的处罚情况？,2023年6月27日，中昌大数据股份有限公司公告中所涉及的违法行为和处罚情况是什么？
35,中欧基金管理有限公司对旗下部分基金进行了何种修改？,中欧基金管理有限公司对旗下部分基金的《基金合同 》和《托管协议 》进行修改，修改内容涉及《公开募集证券投资基金信息披露管理办法》对基金信息披露事项相关要求的更改。,中欧基金管理有限公司针对哪些基金进行了修改？,中欧基金管理有限公司出台了什么样的公告？
36,中证鹏元资信评估股份有限公司对临沂城市发展集团有限公司受到行政处罚的公告内容是什么？,中证鹏元资信评估股份有限公司发布公告称，临沂城市发展集团有限公司因向不同的会计资料使用者提供编制依据不一致的财务会计报告而受到财政部的行政处罚。根据处罚决定书，公司2020年、2021年的财务会计报告存在明显较大差异，违反了《中华人民共和国会计法》相关规定，因此财政部决定对公司罚款5万元。,中证鹏元资信评估股份有限公司对临沂城市发展集团有限公司的行政处罚事项进行了怎样的评价？,关于临沂城市发展集团有限公司受到行政处罚的公告是什么？
37,这家公司受到了什么样的行政处罚？,这家公司因在2020年、2021年向不同的会计资料使用者提供编制依据不一致的财务会计报告，同一年度两份财务会计报告载有的资产、负债、所有者权益等方面的金额存在明显较大差异，违反了《中华人民共和国会计法》，财政部决定给予该公司罚款5万元的行政处罚。,这家公司为什么受到了行政处罚？,财政部对这家公司作出了怎样的行政处罚决定？
38,公司近五年是否存在被证监部门和交易所处罚或采取监管措施的情况？,公司最近五年不存在被证券监管部门和交易所处罚的情形，但存在监管关注函和监管警示函的情况。,在过去五年内，公司是否曾经受到证监部门或交易所的处罚或监管措施？,公司是否在近五年中经历过证监部门和交易所的处罚或监管措施？
39,对于2023年第二次临时股东大会的法律意见书内容如何评价？,2023年第二次临时股东大会的法律意见书内容详细分析了召集、召开程序、出席会议人员及出席情况、会议议案、表决程序及表决结果等方面的合法性，并给出了正面的结论意见。,2023年第二次临时股东大会的法律意见书内容如何总结？,对于2023年第二次临时股东大会的法律意见书中关于股东大会召开程序的评价如何？
40,整理该文内容并给出概括性的结论,根据国浩律师（上海）事务所出具的《亚振家居股份有限公司2023年第二次临时股东大会法律意见书》，该文概括了股东大会的召集、召开程序、出席会议人员和召集人资格、现场表决程序、网络投票和表决结果等方面的情况，最终得出该次股东大会的召集、出席、表决等程序均符合法律、法规及《公司章程》的规定，表决结果合法有效。,这份文件主要描述了哪些内容?,国浩律师（上海）事务所出具的《亚振家居股份有限公司2023年第二次临时股东大会法律意见书》有何结论?
41,这本书主要收录了哪些企业发行上市的法律法规？,这本书主要收录了《中华人民共和国公司法》、《中华人民共和国证券法》、《首次公开发行股票并上市管理办法》、《中国证券监督管理委员会股票发行审核委员会办法》等相关法律法规。,这本书具体收录了哪些企业发行上市的法律法规？,这本书详细收录了哪些企业发行上市的法律法规？
42,文本中的内容需要整理和解读，如何利用我的专业知识提高工作效率？,通过建立自己的知识体系、深入研究行业报告和相关数据，使用专业工具进行数据分析等方法来提高工作效率。,如何通过专业知识提高整理和解读文件的效率？,怎样利用专业知识来优化文件整理和解读的过程？
43,六国化工股份有限公司因为安全事故受到行政处罚的具体原因是什么？,六国化工股份有限公司因为安全生产主体责任落实不到位、现场安全管理不力、职工安全教育培训不到位、临时性检修和特殊作业未落实安全措施、对承包商管理不力，对事故发生负有责任，违反了《中华人民共和国安全生产法》相关规定。,六国化工股份有限公司受到行政处罚的主要原因是什么？,六国化工股份有限公司为何受到行政处罚？
44,根据法律意见书，本次股东大会的召集、召开程序符合相关法律法规吗？,根据法律意见书，本次股东大会的召集、召开程序符合《公司法》《股东大会规则》等法律、法规、规范性文件以及《公司章程》的规定。,本次股东大会是否符合相关法律法规的召集、召开程序？,法律意见书是否认为本次股东大会的召集、召开程序符合法律法规？
45,公司存放固体废物氟铝酸钾违反了那条法律？,公司被行政处罚的原因是其全资子公司在生产过程中存放固体废物氟铝酸钾违反了《中华人民共和国固体废物污染环境防治法》的相关规定。,公司存放固体废物氟铝酸钾受到了哪条法律的处罚？,公司存放固体废物氟铝酸钾违反哪条环境保护法？
46,格力地产股份有限公司因信息披露违法违规被中国证监会立案调查，前任董事、总裁林强涉嫌违规行为被行政处罚。对公司的影响及相关风险提示是什么？,格力地产因信息披露违法违规被中国证监会立案调查，前任董事、总裁林强收到行政处罚事先告知书。公司业务正常，违规行为未触及强制退市情形。公司已向监管部门报告并纠正违法行为，加强内部治理规范性，依法合规履行信息披露义务，以维护公司和股东利益。,格力地产因信息披露违法被立案调查，林强先生涉嫌行政处罚的情况如何？,格力地产前任董事、总裁林强因何被行政处罚？
47,格力地产股份有限公司因违法违规行为收到行政处罚决定书是哪些具体违规行为？,格力地产股份有限公司因违法违规行为收到行政处罚决定书的主要违规行为包括：在2018年至2021年存货减值测试中，对子公司两个地产项目可售面积、可比售价选取错误；对重庆两江新区格力地产有限公司地产项目可比售价选取错误、未对可比售价进行修正等问题；高估存货可变现净值、少计提存货跌价准备；累计少提存货减值导致多计净利润；存在财务报表错报等问题。,格力地产股份有限公司因违法违规行为受到行政处罚是什么原因？,格力地产股份有限公司受到行政处罚的主要原因是什么？
48,格力地产股份有限公司面临何种行政处罚？,格力地产股份有限公司面临的行政处罚包括警告以及50万元罚款。,格力地产股份有限公司将面临怎样的行政处罚？,格力地产股份有限公司将受到何种行政处罚？
49,格力地产股份有限公司因何受到行政处罚？,格力地产股份有限公司因2018年至2021年存货减值测试存在问题，导致累计少提存货减值导致多计净利润，违反了相关证券法规定，因此受到中国证监会的行政处罚。,为什么格力地产股份有限公司受到行政处罚？,格力地产股份有限公司为什么会被处罚？
50,华北制药和冀中集团收到的《行政处罚事先告知书》中主要涉及的违法事实是什么？,华北制药和冀中集团收到的《行政处罚事先告知书》中主要涉及的违法事实包括未按规定披露与财务公司的关联交易信息、增加在财务公司的存款并未按规定披露相关信息等。,华北制药和冀中集团收到的《行政处罚事先告知书》涉及的违法行为是什么？,华北制药和冀中集团在收到的《行政处罚事先告知书》中被指控的违法事实是什么？
51,关于上海电气风电集团股份有限公司控股股东收到行政处罚事先告知书的公告内容及影响有哪些？,公司控股股东上海电气收到中国证监会的《行政处罚事先告知书》，涉及未及时披露重大事件和虚假记载，对公司控股股东及相关人员提出警告和罚款要求。目前不会影响公司的生产经营活动，公司将持续关注后续进展并履行信息披露义务。,上海电气风电集团股份有限公司控股股东收到的行政处罚事先告知书有哪些主要内容？,上海电气风电集团股份有限公司的控股股东收到的行政处罚事先告知书会对公司的生产经营活动产生影响吗？
52,上海电气风电集团股份有限公司因何收到行政处罚决定书？,上海电气风电集团股份有限公司收到行政处罚决定书的原因是其控股股东上海电气涉嫌信息披露违法违规，未及时披露重大事件及在2020年年报中存在虚假记载。,为何上海电气风电集团股份有限公司收到行政处罚决定书？,上海电气风电集团股份有限公司受到行政处罚决定书的原因是什么？
53,格力地产股份有限公司收到的《行政处罚事先告知书》的主要内容是什么？,格力地产股份有限公司收到的《行政处罚事先告知书》主要内容包括格力地产在2018年至2021年存货减值测试中存在的问题，具体涉及对子公司可售面积、可比售价选取错误、对地产项目可比售价选取错误、未对可比售价进行修正等问题，以及由此导致的存货减值未计提等违法行为。监管部门拟对格力地产做出警告，并处以300万元罚款。,格力地产股份有限公司收到的《行政处罚事先告知书》包含哪些主要内容？,格力地产股份有限公司收到的《行政处罚事先告知书》中有关公司违法行为的具体描述是什么？
54,格力地产股份有限公司因何被中国证监会处以行政处罚？,"格力地产股份有限公司因涉嫌信息披露违法违规行为，在2018年至2021年存货减值测试中存在错误选取可售面积、可比售价以及高估存货可变现净值的问题，导致累计少提存货减值导致多计净利润达626,386,989.85 元。根据中国证监会广东监管局的《行政处罚决定书》，公司被处以300万元罚款。",为何格力地产股份有限公司会被中国证监会处以行政处罚？,格力地产股份有限公司为什么会受到中国证监会的行政处罚？
55,公司最近五年是否受到证券监管部门和交易所的处罚或监管措施？,是的，公司最近五年曾受到证券监管部门和交易所的处罚或监管措施。,公司是否在最近五年内受到过证券监管部门和交易所的处罚或监管措施？,近五年，公司是否受到证券监管部门和交易所的处罚或监管措施？
56,关于下属子公司受到环保部门处罚的这则公告对公司业务和投资者有什么影响？,该公告公布了公司下属子公司受到环保部门处罚的情况，明确指出罚款30万元将计入营业外支出，预计会影响公司2022年度净利润。公司表示将采取适当法律手段维护权益，并承诺提高环保意识，切实履行环境保护责任，及时履行信息披露义务。投资者需理性投资，注意风险。,关于下属子公司受到环保部门处罚的这则公告对公司经营和投资者有何影响？,关于下属子公司受到环保部门处罚的公告如何影响公司业务和投资者？
57,请问，律师事务所对山东黄金矿业股份有限公司2023年第六次临时股东大会的相关程序和结果是否出具了合法有效的法律意见？,律师事务所对山东黄金矿业股份有限公司2023年第六次临时股东大会的相关程序和结果出具了合法有效的法律意见。,对于山东黄金矿业股份有限公司2023年第六次临时股东大会，律师事务所是否出具了合法有效的法律意见？,律师事务所是否已经就山东黄金矿业股份有限公司2023年第六次临时股东大会的程序和结果提供了合法有效的法律意见？
58,卓郎智能技术股份有限公司控股股东收到行政处罚决定书的公告内容有哪些?,该公告详细披露了控股股东江苏金昇实业股份有限公司涉嫌借用他人账户及短线交易的违法行为，包括借用他人证券账户买卖卓郎智能股票、短线交易卓郎智能股票的具体违法事实、行政处罚的主要内容、行政处罚的依据及相关说明。,卓郎智能技术股份有限公司控股股东收到行政处罚决定书的公告涉及什么内容?,控股股东收到行政处罚决定书的公告中披露了什么信息?
59,公司收到了哪些行政处罚通知书？,公司收到了中国证监会下发的《立案告知书》以及浙江监管局下发的《行政处罚事先告知书》。,公司接到了哪些处罚通知书？,公司收到了哪些监管机构下发的通知书？
60,《行政处罚 决定书》中提到的违法事实及相关责任人有哪些？,《行政处罚 决定书》中提到的违法事实包括：一、未按规定披露与冀中能源集团财务有限责任公司的关联交易；二、组织冀中能源、华北制药增加在财务公司的存款，并未按规定披露相关信息。相关责任人包括时任董事长杨国占、时任公司代行董事长职权的副董事长刘文富、时任公司总经理周晓冰和时任公司董事会秘书常志山。,《行政处罚 决定书》中列举的违法事实及相关责任人有哪些？,哪些违法行为和违法人在《行政处罚 决定书》中被提及？
61,公司为什么会被处以行政处罚？,公司因涉嫌信息披露违法违规，通过提前确认项目进度虚增营业收入和利润总额，违反了《证券法》相关规定，被中国证监会处以行政处罚。,公司为什么会遭到行政处罚？,公司收到行政处罚的原因是什么？
62,瑞斯康达科技发展股份有限公司因何受到行政处罚事先告知书通知？,瑞斯康达科技发展股份有限公司因涉嫌信息披露违法违规，收到中国证监会的《行政处罚事先告知书》通知。,为何瑞斯康达科技发展股份有限公司受到行政处罚事先告知书通知？,是什么原因导致瑞斯康达科技发展股份有限公司收到了行政处罚事先告知书的通知？
63,该公司存在的行为违反了哪些证券法律法规？,该公司存在的行为违反了《中华人民共和国证券法》中关于隐瞒重要事实、编造重大虚假内容的行为和关于公司信息披露内容与格式的准则的规定。同时，作为公司实际控制人的林应也构成了《证券法》中相关规定的违法行为。,这家公司的违法行为符合了哪些证券法律法规的规定？,该公司的行为违反了哪些证券法律法规？
64,公司是否收到了中国证监会的行政处罚决定书？,是的，公司收到了中国证监会上海监管局下发的《行政处罚决定书》。,公司是否已经收到中国证监会的行政处罚决定书？,公司是否收到了行政处罚决定书？
65,公司被中国证监会处以行政处罚，具体是什么原因？,公司因未按规定期限披露 2022年年度报告而被中国证监会处以行政处罚。,公司为何受到中国证监会行政处罚？,中国证监会为何对公司进行行政处罚？
66,公司被中国证监会处以何种行政处罚？,公司被中国证监会处以警告并处以100万元罚款的行政处罚。,中国证监会对公司做出了什么样的行政处罚？,公司受到了怎样的中国证监会行政处罚？
67,福建龙净环保股份有限公司因何受到中国证监会行政处罚事先告知书?,福建龙净环保股份有限公司因涉嫌信息披露违法违规，被中国证监会决定对公司进行立案，随后中国证监会福建监管局依法拟对公司及相关责任人员做出行政处罚。上述违法事实被证据证实，公司和相关责任人员将面临罚款和警告等处罚。,福建龙净环保股份有限公司为何收到中国证监会行政处罚事先告知书?,为何福建龙净环保股份有限公司受到中国证监会行政处罚事先告知书?
68,公司收到了什么文件？,公司收到了中国证监会西藏监管局出具的《行政处罚事先告知书》（[2023]2号）。该文件详细说明了公司及实际控制人涉嫌信息披露违法违规的违法事实、理由、依据以及拟作出的行政处罚。,灵康药业集团股份有限公司收到了什么文件？,关于什么事项，公司收到了文件？
69,苏州龙杰特种纤维股份有限公司因何收到行政处罚决定书？,苏州龙杰特种纤维股份有限公司因新增排气筒未重新申请取得排污许可证即于2022年3月开始排放污染物而收到行政处罚决定书。行政处罚决定书编号为苏环行罚字[2022] 82第176号，公司被处以罚款人民币贰拾万圆整。,为什么苏州龙杰特种纤维股份有限公司收到行政处罚决定书？,为何苏州龙杰特种纤维股份有限公司收到行政处罚决定书？
70,公司近五年内是否存在被证券监管部门和交易所处罚或采取监管措施的情况？,公司在最近五年内经自查，未发现被证券监管部门和交易所处罚或采取监管措施的情况。,公司在过去五年中是否受到证监会或交易所的处罚或监管措施？,公司是否在过去五年中遭到证券监管部门和交易所的处罚或监管措施？
71,科兴制药股份有限公司最近五年是否被证券监管部门和证券交易所采取过监管措施或处罚？,科兴制药股份有限公司最近五年未被证券监管部门和证券交易所采取监管措施或处罚。,近五年内，科兴制药股份有限公司是否受到了证券监管部门或交易所的处罚或监管措施？,科兴制药股份有限公司在过去五年内有没有受到证券监管部门或交易所的处罚或监管措施？
72,公司在最近五年内有没有被证券监管部门和证券交易所处罚过？,公司在最近五年内没有被证券监管部门和上海证券交易所处罚过。,最近五年内，公司有没有受到证券监管部门和证券交易所的处罚？,公司在过去五年内是否曾受到证券监管部门和证券交易所的处罚？
73,公司最近五年是否曾经被证券监管部门和证券交易所处罚或采取监管措施？,公司最近五年不存在被证券监管部门和证券交易所处罚或采取监管措施的情况。,公司在过去五年内是否曾遭受证监会或证券交易所的处罚或监管措施？,过去五年内，公司是否曾被证监会或证券交易所采取过任何处罚或监管措施？
74,关于苏州瑞可达连接系统股份有限公司的公告内容，公司近五年是否被证券监管部门或证券交易所采取过处罚或监管措施？,苏州瑞可达连接系统股份有限公司近五年内未被证券监管部门或证券交易所处罚或采取监管措施。,最近五年内，苏州瑞可达连接系统股份有限公司是否被证券监管部门或证券交易所处罚或采取过监管措施？,公司最近五年内是否曾被证券监管部门或证券交易所处罚或接受监管措施？
75,奥比中光科技集团股份有限公司自查结果如何？,经自查，公司最近五年不存在被证券监管部门和证券交易所采取监管措施或处罚的情况。,奥比中光科技集团股份有限公司自查结果如何？,公司最近五年是否存在被证券监管部门和证券交易所采取监管措施或处罚的情况？
76,公司最近五年是否存在被证券监管部门或交易所处罚或采取监管措施的情况?,公司最近五年不存在被证券监管部门或交易所处罚或采取监管措施的情况。,公司在过去五年内是否曾被证监会或交易所处罚或接受监管措施?,公司最近五年内有没有受到证监会或交易所的处罚或监管措施?
77,水发派思燃气股份有限公司最近五年是否存在被证券监管部门和交易所采取监管措施或处罚的情况？,水发派思燃气股份有限公司最近五年不存在被证券监管部门和交易所采取监管措施或处罚的情况。,水发派思燃气股份有限公司近五年内是否被证券监管机构和交易所处罚或采取监管措施？,水发派思燃气股份有限公司在过去五年内有没有受到证券监管部门和交易所的处罚或监管措施？
78,芯原微电子（上海）股份有限公司最近五年是否存在被证券监管部门和交易所采取监管措施或处罚的情况？,芯原微电子（上海）股份有限公司最近五年不存在被证券监管部门和交易所处罚的情况，但在2022年11月收到中国证券监督管理委员会上海监管局出具的《警示函》，涉及公司与Alphawave IP Inc.签署的关联交易未及时履行审议程序和信息披露义务，违反了相关法规。针对此情况，公司及相关负责人已进行整改并加强内部控制体系建设。,芯原微电子（上海）股份有限公司最近五年有没有接受过证券监管部门和交易所的处罚？,芯原微电子（上海）股份有限公司最近五年是否曾被证券监管部门和交易所采取监管措施？
79,时代新材料科技股份有限公司最近五年是否被证券监管部门和证券交易所处罚或采取监管措施？,株洲时代新材料科技股份有限公司最近五年没有被证券监管部门和证券交易所处罚，但曾被上海证券交易所和湖南证监局采取监管措施，并进行整改。,株洲时代新材料科技股份有限公司最近五年有没有受到处罚或监管措施？,时代新材料科技股份有限公司近五年有没有被证券监管部门和证券交易所采取监管措施或处罚？
80,"针对柳州两面针股份有限公司2023年第一次临时股东大会的法律意见书,律师是否认为本次股东大会的召集和召开程序、出席会议人员资格、召集人资格、会议表决程序、表决结果以及形成的会议决议都符合相关法律规定?",律师根据审核的会议文件和现场见证情况，认为公司本次股东大会的召集和召开程序、出席会议人员资格、召集人资格、会议表决程序、表决结果以及形成的会议决议都符合《公司法》、《股东大会规则》等法律、法规、规范性文件和《公司章程》的相关规定，并合法有效。,"就柳州两面针股份有限公司2023年第一次临时股东大会的法律意见书,律师是否认为会议召集和召开程序、出席会议人员资格、召集人资格、会议表决程序、表决结果以及形成的会议决议都符合相关法律规定?","根据柳州两面针股份有限公司2023年第一次临时股东大会的法律意见书,律师是否认可本次股东大会的召集和召开程序、出席会议人员资格、召集人资格、会议表决程序、表决结果以及形成的会议决议均合法有效?"
81,鹏欣环球资源股份有限公司因为独立董事王铁林的行政处罚是否会受到影响？,鹏欣环球资源股份有限公司表示，独立董事王铁林的行政处罚事项与公司无关，不会对公司的日常经营活动产生影响。,鹏欣环球资源股份有限公司是否因独立董事王铁林的行政处罚会受到影响？,独立董事王铁林的行政处罚对鹏欣环球资源股份有限公司会产生影响吗？
82,涉及公司股东涉嫌超比例减持公告的主要内容是什么？,公告涉及公司股东涉嫌超比例减持被中国证监会立案调查，股东范易等涉嫌限制期转让公司股票，中国证监会江苏监管局拟对相关股东作出行政处罚。,涉及公司股东涉嫌超比例减持的公告涉及了哪些股东的行为？,涉及公司股东涉嫌超比例减持的公告对公司可能产生什么样的影响和风险？
83,谁被中国证监会江苏监管局下发了《行政处罚决定书》？,中国证监会江苏监管局下发了《行政处罚决定书》给于范易及其一致行动人刘福娟女士、烟台埃维商贸有限公司、西藏埃维创业投资有限公司、烟台埃维管业有限公司。,谁收到了《行政处罚决定书》？,《行政处罚决定书》发给了谁？
84,本次股东大会召开的程序是否合法有效？,是的，根据律师的审查，本次股东大会的召集和召开程序符合《公司法》、《证券法》、《股东大会规则》等法律、法规、规范性文件和《公司章程》、《股东大会议事规则》的相关规定，因此程序是合法有效的。,本次股东大会的召集和召开程序是否符合相关法律法规？,本次股东大会的召集是否符合公司章程及股东大会议事规则的规定，是否符合法律法规？
85,关于2023年度向不特定对象发行可转换公司债券的法律意见书的核心内容是什么？,该法律意见书主要涵盖了发行可转换公司债券的批准授权、主体资格、实质条件、发行人的设立和独立性、主要股东、业务、财产、债权债务、重大资产变化及收购兼并等方面的细节，以及法律意见书的声明和发表法律意见的基准日。,这份法律意见书包含了哪些内容？,2023年发行可转换公司债券的法律意见书涉及了哪些方面的内容？
86,贵州航宇科技发展股份有限公司向不特定对象发行可转换公司债券的法律意见书的主要内容是什么？,法律意见书主要内容包括批准和授权、发行主体资格、实质条件、发行人的设立、独立性、主要股东、股本、业务、关联交易、财产、重大债权债务、资产变化、公司章程、股东大会规则、董事、监事和管理人员、税务、环境保护、募集资金运用、诉讼、仲裁或行政处罚等内容。,贵州航宇科技发展股份有限公司向不特定对象发行可转换公司债券的法律意见书中包括哪些方面的内容？,贵州航宇科技发展股份有限公司向不特定对象发行可转换公司债券的法律意见书涉及哪些方面的内容？
87,对于公司2023年第二次临时股东大会的法律意见书，律师事务所给出了怎样的结论意见？,律师事务所认为，公司2023年第二次临时股东大会的召集和召开的程序、参加股东大会人员的资格、股东大会召集人的资格、股东大会的表决程序均符合国家有关法律、法规和公司章程的规定，本次股东大会的决议合法有效。,律师事务所对公司2023年第二次临时股东大会的法律意见作出了怎样的结论？,律师事务所就公司2023年第二次临时股东大会的法律意见作出了什么样的结论？
88,泰凌微电子（上海）股份有限公司的基本情况是什么？,泰凌微电子（上海）股份有限公司是一家依法设立并有效存续的股份有限公司，股票在上交所科创板上市，股票简称“泰凌微”，股票代码“688591”。其营业执照上海市市场监督管理局核发，统一社会信用代码为91310000557430243L。经营范围包括微电子产品、集成电路芯片、系统设备硬件的开发、设计，计算机软件的开发、设计、制作，销售自产产品，自有技术转让，并提供相关技术咨询和技术服务。,泰凌微电子（上海）股份有限公司的股票简称和代码是什么？,泰凌微电子（上海）股份有限公司的经营范围包括哪些内容？
89,本次股东大会的召集程序是否符合法律规定？,是的，根据《公司法》、《规则》等相关法律、法规、规范性文件及《公司章程》的规定，本次股东大会的召集程序符合法律规定。,公司本次股东大会的召集程序是否合法？,本次股东大会的召集是否符合相关法律规定？
90,对于浙江永和制冷股份有限公司2023年第四次临时股东大会的法律意见书内容有哪些重要观点?,法律意见书中重要观点包括：股东大会的召集、召开程序合法有效；召集人和出席者的资格合法有效；审议的议案符合相关规定；股东大会的表决程序和结果合法有效。,浙江永和制冷股份有限公司2023年第四次临时股东大会的法律意见书内容涵盖了哪些方面?,浙江永和制冷股份有限公司2023年第四次临时股东大会法律意见书中的观点有哪些要点?
91,这份文件是关于什么内容的?,这份文件是关于四川广安爱众股份有限公司2023年限制性股票激励计划草案的法律意见书。,这份文件涉及哪家公司的法律事务?,这份文件是关于哪家公司的股票激励计划的法律意见书?
92,本次激励计划的审批程序是否完成？,公司已经完成了本次预留授予及授予价格调整事项的审批程序，包括董事会、监事会审议通过，并进行了公示。,公司是否已完成本次激励计划的审批程序？,本次激励计划的批准程序是否已经履行？
93,本次股东大会的召集和召开程序是否符合法律规定？,本次股东大会的召集和召开程序符合法律、法规和《公司章程》的规定，会议程序合法有效。,这次股东大会的召集和召开程序是否符合法律法规？,公司本次股东大会的召集和召开程序是否合法？
94,收购人的注册资本是多少?,"收购人中国国际电视总公司的注册资本为1,253,861.98万元。",中国国际电视总公司的注册资本是多少?,中国国际电视总公司的注册资本金额是多少?
95,这份法律意见书主要涉及了哪些方面？,这份法律意见书主要涉及了本次股东大会的召集、召开程序、召集人和出席会议人员的资格、表决程序和表决结果。,这份法律意见书覆盖了哪些方面？,这份法律意见书覆盖了哪些内容？
96,根据法律意见书，公司2023年第四次临时股东大会程序是否合法有效?,根据法律意见书，公司2023年第四次临时股东大会的召集和召开程序、参加会议人员和召集人资格、会议审议事项和表决方式及程序、会议表决结果均符合我国相关法律、法规、规范性文件以及《公司章程》和《股东大会议事规则》的有关规定，会议形成的决议合法、有效。,公司2023年第四次临时股东大会程序是否符合法律规定?,公司2023年第四次临时股东大会的召集和召开程序是否合法?
97,长城汽车股份有限公司2023年股票期权激励计划的主体资格和条件如何?,长城汽车股份有限公司具备依法设立并有效存续的主体资格，不存在不得实行股权激励的情形，符合股权激励计划的实施条件。,长城汽车股份有限公司2023年股票期权激励计划符合哪些实施条件?,长城汽车股份有限公司是否适合实施2023年股票期权激励计划?
98,对于大连圣亚旅游控股股份有限公司2023年第二次临时股东大会的法律意见，专家意见是什么？,专家根据中国现行法律法规、规章及规范性文件的要求以及《公司章程》的有关规定认为，大连圣亚旅游控股股份有限公司2023年第二次临时股东大会的召集、召开程序、出席人员资格以及表决程序和结果均符合法律规定，通过的决议合法有效。,大连圣亚旅游控股股份有限公司2023年第二次临时股东大会的法律意见书内容是什么？,2023年第二次临时股东大会的法律意见书是否符合中国现行法律法规的要求？
99,首开股份因何收到《行政处罚事先告知书》？,首开股份收到《行政处罚事先告知书》是因为涉嫌在2021年存货减值测试中高估下属子公司存货可变现净值，少计提存货跌价准备4.05亿元，少计资产减值损失4.05亿元，导致年度报告存在错报，并影响发行文件和银行间债券市场披露。首开股份及相关责任人涉嫌违反证券法等法律法规，因此收到了《行政处罚事先告知书》。,首开股份为何收到《行政处罚事先告知书》？,首开股份收到《行政处罚事先告知书》的原因是什么？
100,首开股份因何被处以行政处罚？,首开股份因在2021年存货减值测试中高估下属子公司存货可变现净值，少计提存货跌价准备4.05亿元，少计资产减值损失4.05亿元，导致年度报告存在错报，违反《证券法》等相关规定，被处以150万元的罚款。时任董事长、董事兼总经理和总会计师也被处以60万元的罚款。,首开股份因何被处以行政处罚？,首开股份为何收到行政处罚？
101,华夏中证全指信息技术交易型开放式指数证券投资基金的基金合同包含哪些部分？,华夏中证全指信息技术交易型开放式指数证券投资基金的基金合同包含了前言、释义、基金的基本情况、基金份额的发售、基金备案、基金份额的申购与赎回等部分。,华夏中证全指信息技术交易型开放式指数证券投资基金的基金合同包含了哪些部分？,基金合同中的第一部分是什么？
102,博众精工科技股份有限公司监事会议事规则的总则是什么？,博众精工科技股份有限公司的监事会议事规则的总则是为规范公司监事会的议事方式和表决程序，促使监事和监事会依法有效行使监督职能，根据《公司法》、《证券法》、《上市公司治理准则》以及《公司章程》的规定，制定本议事规则。,博众精工科技股份有限公司的监事会议事规则为何制定？,博众精工科技股份有限公司监事会议事规则的目的是什么？
103,博天环境集团股份有限公司收到的《行政处罚及市场禁入事先告知书》的主要内容是什么？,博天环境集团股份有限公司收到《行政处罚及市场禁入事先告知书》，内容包括公司涉嫌虚增或虚减营业收入、利润的违法行为，造成多年财务报告存在虚假记载，涉嫌违反《证券法》相关规定。相关主管人员还涉及未勤勉尽责的行为，面临警告和罚款处罚，公司股票可能被终止上市。另外，公司前董事长因怠于履职导致内部管理失控，也将面临严重的证券市场禁入措施。,博天环境集团股份有限公司收到的《行政处罚及市场禁入事先告知书》指出了公司的违法行为和相关人员可能面临的处罚吗？,博天环境集团股份有限公司收到的《行政处罚及市场禁入事先告知书》中披露了公司的主要违法情况和相关人员可能面临的处罚措施吗？
104,同方股份有限公司因何被处罚？,同方股份有限公司因其全资子公司同方知网（北京）技术有限公司、同方知网数字出版社技术股份有限公司所运营的多个App存在违反个人信息保护法律法规的行为，被国家互联网信息办公室依法作出网络安全审查相关行政处罚。具体处罚内容包括违反必要原则收集个人信息、未经同意收集个人信息、未公开或未明示收集使用规则、未提供账号注销功能以及在用户注销账号后未及时删除用户个人信息等。为此，公司被责令停止违法处理个人信息行为，并处罚款5000万元。,同方股份有限公司为何被罚款？,同方股份有限公司的何种行为导致了行政处罚？
105,本次股东大会中，股东的出席情况如何？,"本次股东大会中，共有17人出席现场会议和通过网络投票，持有股份总数为144,043,402股，占股权登记日公司股份总数的36.8330%。",股东大会上有多少人出席股东大会，持有的股份总数占比是多少？,股东大会中，有多少名股东出席了会议，并且占有多少的表决权股份？
106,针对国投中鲁果汁股份有限公司收到《行政处罚决定书》的公告，该公司的违法事实是什么？,国投中鲁果汁股份有限公司存在违法事实包括未披露应当披露的重大事项，违反了《证券法》第七十八条第二款的规定，构成《证券法》第一百九十七条第二款所述违法行为。,国投中鲁果汁股份有限公司存在什么样的违法事实？,国投中鲁果汁股份有限公司违反了哪些证券法规定？
107,根据法律意见书的内容，公司已经完成了哪些程序来批准和授权本次解除限售事项？,截至本法律意见书出具之日，公司完成了以下程序：2022年7月10日，公司第四届董事会审议通过了《2022年限制性股票激励计划（草案）》及其他相关议案；公司独立董事和监事会对相关事项发表了意见。2022年7月26日，公司召开了第二次临时股东大会，审议通过了相关议案并授权董事会办理后续相关事宜。2022年7月26日，公司还召开了第四届董事会审议通过了《关于向激励对象首次授予限制性股票的议案》，并经独立董事和监事会审议通过。 2022年9月30日，公司召开第四届董事会审议通过了《关于向激励对象预留授予限制性股票的议案》。,公司为批准和授权本次解除限售事项完成了哪些程序？,截至法律意见书的出具日期，公司已经通过哪些程序来批准和授权本次解除限售事项？
108,对龙宇数据股份有限公司2023年第三次临时股东大会的法律意见是否合法有效进行评估?,对龙宇数据股份有限公司2023年第三次临时股东大会的法律意见进行评估，认为其召集、召开程序、出席会议人员资格、召集人资格、表决程序和表决结果均符合法律、法规和规范性文件以及《公司章程》的规定，本次股东大会通过的决议合法有效。,综合评估龙宇数据股份有限公司2023年第三次临时股东大会的法律意见是否合法有效。,龙宇数据股份有限公司2023年第三次临时股东大会的法律意见是否符合相关法律、法规和章程的规定?
109,宁波拓普集团的这份文件是关于什么内容的法律意见书？,这份文件是关于宁波拓普集团股份有限公司2023年第三次临时股东大会的法律意见书。,宁波拓普集团这份文件的主要包括了那些法律意见书？,这份文件是针对宁波拓普集团哪次股东大会的法律意见书？
110,确认国浩律师（上海）事务所对密尔克卫化工供应链服务股份有限公司2023年第三次临时股东大会的法律意见是否合法有效？,国浩律师（上海）事务所确认密尔克卫化工供应链服务股份有限公司2023年第三次临时股东大会的召集及召开程序符合法律、法规和《公司章程》的规定；出席及列席会议人员以及会议召集人的资格均合法有效；本次股东大会的表决程序符合有关法律、法规及《公司章程》的规定，表决结果合法有效。,国浩律师（上海）事务所是否确认密尔克卫化工供应链服务股份有限公司2023年第三次临时股东大会的法律意见合法？,密尔克卫化工供应链服务股份有限公司2023年第三次临时股东大会的法律意见是否经国浩律师（上海）事务所确认合法？
111,思瑞浦微电子科技（苏州）股份有限公司2023年限制性股票激励计划的法律意见书是由哪个律所出具的？,思瑞浦微电子科技（苏州）股份有限公司2023年限制性股票激励计划的法律意见书由国浩律师（上海）事务所出具。,思瑞浦微电子科技（苏州）股份有限公司2023年限制性股票激励计划的法律意见书由哪个律所出具的？,哪家律所出具了思瑞浦微电子科技（苏州）股份有限公司2023年限制性股票激励计划的法律意见书？
112,三星新材股份有限公司的这份法律意见书的主要内容是什么？,这份法律意见书主要涵盖了浙江三星新材股份有限公司2023年度向特定对象发行A股股票的相关法律问题和意见。,请问三星新材股份有限公司的这份文件详细列举了法律意见书中的各项内容？,三星新材股份有限公司的这份法律意见书主要讨论了哪些方面的问题？
113,针对新疆伊力特实业股份有限公司2023年第一次临时股东大会的法律意见书，请问该股东大会的召集、召开程序、出席会议人员资格、以及表决程序是否符合相关法律法规？,经国浩律师（乌鲁木齐）事务所的法律意见书认定，该股东大会的召集、召开程序、出席会议人员资格、以及表决程序均符合《公司法》《股东大会规则》等有关法律、行政法规、规范性文件及《公司章程》的规定，且本次股东大会审议议案表决结果合法有效。,关于新疆伊力特实业股份有限公司2023年第一次临时股东大会的法律意见书，该股东大会的召集、召开程序、出席会议人员资格、以及表决程序是否符合相关法律法规？,请问国浩律师（乌鲁木齐）事务所就新疆伊力特实业股份有限公司2023年第一次临时股东大会发表的法律意见书中指出的股东大会程序是否合法有效？
114,中泰证券2023年第四次临时股东大会的法律意见书中所述的大会程序是否合法有效？,根据法律意见书所述，中泰证券2023年第四次临时股东大会的召集、召开程序符合法律、法规、规章和规范性文件及《公司章程》相关规定；出席会议人员的资格、召集人资格合法有效；出席本次股东大会的股东没有提出新议案；表决程序和表决结果合法有效。,中泰证券2023年第四次临时股东大会是否涉及未列入议程的议案？,根据法律意见书所述，中泰证券2023年第四次临时股东大会没有审议未列入会议议程的议案。
115,关于银座集团股份有限公司2023年第三次临时股东大会的法律意见书中对股东大会程序及结果的认可是什么？,银座集团股份有限公司2023年第三次临时股东大会的法律意见书认可了股东大会的召集、召开程序符合法律、法规、规章和规范性文件及《公司章程》相关规定；出席会议人员的资格、召集人资格合法、有效；出席本次股东大会的股东没有提出新议案；表决程序和表决结果合法有效。,对于银座集团股份有限公司2023年第三次临时股东大会的法律意见书中对股东大会程序及结果的认可是什么？,银座集团股份有限公司2023年第三次临时股东大会的法律意见书如何认可股东大会的程序及结果？
116,圆通速递股份有限公司因何被大连证监局处罚？,圆通速递股份有限公司被大连证监局处罚是因为公司董事兼副总裁张益忠利用其子张某杰名下证券账户进行违规买卖公司股票，违反了《中华人民共和国证券法》的规定，最终被处以警告并罚款五十万元。,大连证监局为何对圆通速递股份有限公司进行处罚？,为何会出现圆通速递股份有限公司因为违规买卖公司股票被罚款的情况？
117,大西洋公司因何受到环保部门处罚？,大西洋公司因拉丝车间废气收集管道2号口脱落，无法正常收集废气，违反了《上海市大气污染防治条例》的规定，因此受到环保部门的罚款处罚。,为何大西洋公司受到环保部门的罚款处罚？,是什么原因导致大西洋公司被环保部门罚款？
118,四川大西洋焊接材料股份有限公司因何被处以行政处罚？,"四川大西洋焊接材料股份有限公司因员工违章操作导致生产安全责任事故，造成重伤，安全生产主体责任落实不力，被自贡市应急管理局处以罚款人民币 300,000.00 元的行政处罚。",为何四川大西洋焊接材料股份有限公司被处以行政处罚？,四川大西洋焊接材料股份有限公司因何收到行政处罚决定书？
119,宁夏中科生物科技股份有限公司实际控制人虞建明先生收到的《行政处罚决定书》对公司有何影响？,虞建明先生因涉嫌信息披露违法违规被中国证监会宁夏监管局处以警告并处以50万元罚款。对公司的影响不会对公司生产经营产生重大影响。,虞建明先生收到的《行政处罚决定书》对公司的影响有多大？,虞建明先生受到的行政处罚对公司的经营情况会有怎样的影响？
120,公司是否收到行政处罚事先告知书？,公司收到了中国证监会宁夏监管局下发的《行政处罚事先告知书》。,宁夏中科生物科技股份有限公司是否收到行政处罚事先告知书？,关于实际控制人的行政处罚事先告知书是否已经收到？
121,根据《安徽铜峰电子股份有限公司 2023年限制性股票激励计划（草案）》和相关法律法规，股权激励计划的目的是什么？激励对象的确定依据和范围是如何规定的？,根据《安徽铜峰电子股份有限公司 2023年限制性股票激励计划（草案）》，股权激励计划的目的是为了进一步建立、健全公司长效激励机制，吸引和留住优秀人才，充分调动公司董事、高级管理人员、中层管理人员及核心骨干人员的积极性，并将股东利益、公司利益和经营者个人利益结合在一起；激励对象的确定依据包括公司法、证券法、管理办法、试行办法、规范通知等有关法律、法规、规范性文件和公司章程的相关规定，激励对象涵盖公司董事、高级管理人员、中层管理人员及核心骨干人员，不包括控股股东以外人员担任的外部董事、独立董事和监事。激励对象的具体范围为公司公告本计划时在公司（含分公司及控股子公司）任职的公司董事、高级管理人员、中层管理人员及核心骨干人员，不包括控股股东以外人员担任的外部董事、独立董事、监事及单独或合计持有公司5%以上股份的股东或实际控制人及其配偶、父母、子女。,根据《安徽铜峰电子股份有限公司 2023年限制性股票激励计划（草案）》，股权激励计划的目的是为了什么？激励对象的确定依据是哪些？,《安徽铜峰电子股份有限公司 2023年限制性股票激励计划（草案）》规定了股权激励计划的目的和激励对象的确定依据是什么？
122,根据以上内容，这份文件的主要目的是什么？,根据以上内容，这份文件的主要目的是总结公司最新财务数据和业绩，并向投资者和利益相关方传达相关信息。,根据以上内容，这份文件的主要目的是什么？,根据以上的内容，这份文件的核心目标是什么？
123,根据法律意见书，公司股东大会的召集和召开程序是否符合相关法律法规和章程规定？,根据法律意见书，公司股东大会的召集和召开程序符合《公司法》、《证券法》、《股东大会规则》等法律法规和《公司章程》、《股东大会议事规则》的相关规定。,从法律意见书来看，公司股东大会召集和召开程序是否符合法律法规和章程规定？,根据法律意见书的内容，公司股东大会召开程序是否符合相关法律法规和章程规定？
124,本次股东大会是否符合相关法律、法规及规范性文件的要求？,是的，根据律师的审查，本次股东大会的召集和召开程序、出席会议人员和会议召集人资格、会议表决程序及表决结果均符合《公司法》、《证券法》、《股东大会规则》等法律、法规、规范性文件和公司章程的相关规定。,本次股东大会是否符合法律规定，以及规范性文件的要求？,本次股东大会的程序和表决是否合法有效？
125,康隆达公司原董事、高级管理人员收到的行政处罚决定书内容是什么？,根据中国证监会浙江监管局的《行政处罚决定书》，康隆达公司原董事、高级管理人员刘国海因涉嫌内幕交易和短线交易被处以罚款的行政处罚。,康隆达公司原董事、高级管理人员受到了什么样的行政处罚？,刘国海因什么原因受到行政处罚？
126,康隆达收到中国证监会《行政处罚事先告知书》，具体涉嫌哪些违法事实？,"康隆达涉嫌违法事实包括：
1. 康隆达未及时告知上市公司《合作备忘录》事项，导致未及时公告。
2. 康隆达涉嫌未及时披露《终止合作基础协议》所涉上市公司重大风险。
3. 康隆达2020年年度报告涉嫌存在虚假记载。",康隆达违法事实包括哪些？,康隆达收到中国证监会的《行政处罚事先告知书》，涉嫌哪些具体违法行为？
127,蚂蚁集团受到金融管理部门行政处罚对恒生电子股份有限公司的影响有多大？,蚂蚁集团受到金融管理部门行政处罚所涉及的罚款预计对恒生电子股份有限公司2023年度财务报表无重大影响。,金融管理部门对蚂蚁集团的行政处罚会对恒生电子股份有限公司的财务报表造成重大影响吗？,蚂蚁集团的行政处罚预计会对恒生电子股份有限公司的财务报表产生何种影响？
128,这份法律意见书对上海振华重工（集团）股份有限公司2023年第二次临时股东大会的法律程序和结果作出了如何的评价?,该法律意见书认为上海振华重工（集团）股份有限公司2023年第二次临时股东大会的召集、召开程序符合法律、法规及《公司章程》的规定；召集人和出席会议人员的资格合法、有效；表决程序符合《公司章程》的规定，表决结果合法有效。,上海振华重工（集团）股份有限公司2023年第二次临时股东大会的法律程序和结果是否符合相关法律法规?,对于上海振华重工（集团）股份有限公司2023年第二次临时股东大会，法律意见书作出了怎样的评价?
129,文一科技收到的《行政处罚决定书》涉及的罪名是什么？,《行政处罚决定书》指出，文一科技存在信息披露违法行为，主要涉及资产减值方面的违规行为。,文一科技被处以什么样的行政处罚？,文一科技因何被中国证监会处以行政处罚？
130,董事会秘书的主要职责是什么？,董事会秘书的主要职责包括负责信息披露事务、投资者关系管理、筹备组织董事会会议和股东大会会议、保密工作、股票及其衍生品种变动管理等。,董事会秘书的工作内容有哪些？,董事会秘书的职责包括哪些方面？
131,根据法律意见书，公司2023年第二次临时股东大会的召集和召开程序是否合法有效？,根据法律意见书，公司2023年第二次临时股东大会的召集和召开程序符合《公司法》、《证券法》、《股东大会规则》等法律、法规、规范性文件和《公司章程》、《股东大会议事规则》的相关规定，合法有效。,法律意见书中公司2023年第二次临时股东大会的召集和召开程序是否符合法律法规？,法律意见书是否认为公司2023年第二次临时股东大会的召集和召开程序合法？
132,根据法律意见书，江苏索普化工股份有限公司2023年第二次临时股东大会的召集、召开程序、出席会议人员资格、召集人资格、表决程序以及表决结果是否合法有效？,根据法律意见书，江苏索普化工股份有限公司2023年第二次临时股东大会的召集、召开程序、出席会议人员资格、召集人资格、表决程序以及表决结果合法有效。,江苏索普化工股份有限公司2023年第二次临时股东大会是否符合法律规定？,根据法律意见书，对江苏索普化工股份有限公司2023年第二次临时股东大会的法律程序是否合法有效？
133,江西金达莱环保股份有限公司2023年第二次临时股东大会的法律意见书内容概述是什么？,这份文件是江西华邦律师事务所就江西金达莱环保股份有限公司2023年第二次临时股东大会的法律意见书，主要包括了律师对本次股东大会的召集、召开程序、召集人资格、参加股东大会人员的资格以及表决程序等方面的审查意见。,江西金达莱环保股份有限公司2023年第二次临时股东大会的法律意见书内容包括哪些方面？,这份文档主要围绕江西金达莱环保股份有限公司2023年第二次临时股东大会的召集、召开程序、召集人资格、参加股东大会人员的资格以及表决程序进行了怎样的审查？
134,证券交易所的法定自律性质及一线监管职责在我国法律体系中的确认和整合方式是什么？,本文以《证券法》和《证券交易所管理办法》的修订为背景，解析证券交易所在我国新兴加转轨的市场特质下的主体属性，辨析交易所是法定自律组织还是法律法规授权组织，并探究证券交易所在当前监管权力架构变革和交易所监管转型新形势下的权能扩张表现及其权力来源。本文意在厘清证券交易所在面临自律管理归位与一线监管扩权的改革预期下，其法律地位和一系列监管权能的法律基础、整合方式以及监督机制，包括接受司法审查的制度空间。,在我国法律体系中，证券交易所的自律性质和一线监管职责是如何确认和整合的？,证券交易所在我国法律体系中到底属于法定自律组织还是法律法规授权组织？
135,根据华东建筑集团股份有限公司2023年第一次临时股东大会的法律意见书，该股东大会的召集和表决程序是否符合相关法律法规？,根据华东建筑集团股份有限公司2023年第一次临时股东大会的法律意见书，该股东大会的召集和表决程序符合相关法律法规。,公司股东大会召集和表决程序是否符合相关法律法规？,根据法律意见书，公司股东大会召集和表决程序是否合法？
136,根据法律意见书，雅戈尔集团股份有限公司2023年第一次临时股东大会是否合法有效？,根据法律意见书，雅戈尔集团股份有限公司2023年第一次临时股东大会的召集和召开程序、出席股东大会人员的资格和召集人的资格、股东大会的表决程序和表决结果等事项均符合《公司法》、《股东大会规则》等法律、法规、规范性文件及《公司章程》的规定，故该股东大会决议合法有效。,雅戈尔集团股份有限公司2023年第一次临时股东大会是否合法举行？,根据律师事务所的法律意见书，雅戈尔集团股份有限公司2023年第一次临时股东大会是否符合法律规定？
137,对于浙江和义观达律师事务所出具的关于香溢融通控股集团股份有限公司2023年第一次临时股东大会的法律意见书，律师认为股东大会的召集和召开程序、出席股东的资格、召集人的资格、以及股东大会的表决程序和表决结果都符合相关法律、法规和公司章程规定，决议合法有效。有无异议？,根据浙江和义观达律师事务所出具的法律意见书，律师认为股东大会的召集和召开程序、出席股东的资格、召集人的资格、以及股东大会的表决程序和表决结果都符合相关法律、法规和公司章程规定，决议合法有效。,律师是否认为公司本次股东大会的召集和召开程序符合相关法律、法规和公司章程规定？,股东大会的表决程序和表决结果是否符合相关法律、法规和公司章程规定？
138,长白山森工集团有限公司是否具备本次免于发出要约收购的资格？,是的，根据浙江天册律师事务所的分析，长白山森工集团有限公司在法律上具备本次免于发出要约收购的资格。该公司为依法设立并有效存续的法律主体，不存在《收购管理办法》规定的不得收购上市公司的情形，具有本次免于发出要约收购的主体资格。,长白山森工集团有限公司是否符合免于发出要约收购的资格？,本次收购是否符合《收购管理办法》规定的免除发出要约情形？
139,天册（宁波）律师事务所对宁波弘讯科技股份有限公司2023年第一次临时股东大会法律意见书的评审结论是什么？,天册（宁波）律师事务所认为宁波弘讯科技股份有限公司2023年第一次临时股东大会的召集和召开程序、出席股东大会人员的资格和召集人的资格、以及股东大会的表决程序和表决结果等事项均符合《公司法》、《股东大会规则》等法律、法规、规范性文件及《公司章程》的规定，本次股东大会决议合法有效。,天册（宁波）律师事务所是如何评价宁波弘讯科技股份有限公司2023年第一次临时股东大会的法律意见书内容？,宁波弘讯科技股份有限公司2023年第一次临时股东大会的法律意见书得到天册（宁波）律师事务所的怎样的评价？
140,海南航空控股股份有限公司收到的《告知书》涉及的主要违法事实是什么？,海南航空控股股份有限公司收到的《告知书》涉及的主要违法事实包括涉案债券披露情况、定期报告重大遗漏以及未按规定披露临时报告等。,海南航空控股股份有限公司收到的《告知书》中指出的主要违法行为有哪些？,海南航空控股股份有限公司收到的《告知书》提及了哪些违法事实？
141,海航控股因何被中国证监会处罚？,海南航空控股股份有限公司因涉嫌债券市场信息披露违法，未能如实披露非经营性关联交易和担保情况，被中国证监会处以警告。,为何海航控股受到中国证监会处罚？,海航控股为什么会收到中国证监会的行政处罚决定？
142,海量数据技术股份有限公司收到的行政处罚事先告知书的主要内容是什么？,海量数据技术股份有限公司收到的行政处罚事先告知书主要内容包括：涉嫌违法减持股票案的调查结果和行政处罚决定，具体包括涉嫌违法的事实、理由、依据、违法行为及相关处罚内容。,海量数据技术股份有限公司收到的行政处罚事先告知书涉及的主要内容是什么？,海量数据技术股份有限公司收到的行政处罚事先告知书包含了哪些主要内容？
143,这份文件的作者和委托人是谁？,文件的作者是湖南启元律师事务所，委托人是益丰大药房连锁股份有限公司。,由哪家律师事务所起草的？委托人是谁？,这份文件是哪家律师事务所代表益丰大药房连锁股份有限公司起草的？
144,根据公司规定，监事会议的召集与召开应当遵循哪些具体程序？,根据公司规定，监事会议的召集与召开需要监事会主席负责召集并主持，监事会定期会议每6个月至少召开一次会议。召集通知应当提前10日发出，并包括会议日期、地点、会议期限等内容。未出席监事会会议且未委托代表出席的监事将视为放弃在该次会议上的投票。,根据公司规定，监事会议召集程序包括哪些内容？,监事会议的召集和召开需要遵循怎样的规定？
145,科力远公司最近五年是否有被证监部门处罚或采取监管措施的情况？,根据湖南科力远新能源股份有限公司2023年7月22日公告，公司最近五年不存在被证券监管部门和上海证券交易所处罚的情况。在最近五年内，公司共收到上海证券交易所出具的3份监管工作函和6份问询函。,科力远公司近五年是否被证监部门处罚或采取监管措施？,科力远公司最近五年是否遭到证监部门处罚或监管措施？
146,公司收到《行政处罚事先告知书》的公告的主要内容是什么？,公司收到中国证监会下发的《行政处罚事先告知书》，因涉嫌信息披露违法违规，中国证监会决定对公司立案调查，并列举了公司涉嫌信息披露违法的详细事实以及涉及的相关责任人员。,公司收到的《行政处罚事先告知书》公告中有哪些具体违法事实？,公司收到的《行政处罚事先告知书》中提及的责任人员有哪些？
147,罗普特科技公司是否收到《行政处罚决定书》？,是的，罗普特科技集团股份有限公司收到了《行政处罚决定书》。该公告指出公司存在信息披露违法违规的行为，中国证监会对公司进行了立案调查，并做出了相应的行政处罚决定。,罗普特科技公司是否因信息披露违法违规行为收到行政处罚？,罗普特科技公司因何事项收到《行政处罚决定书》？
148,根据公告内容，莱绅通灵珠宝股份有限公司收到税务机关行政处罚事项告知书的主要内容是什么？,"根据公告内容，莱绅通灵珠宝股份有限公司收到税务机关行政处罚事项告知书的主要内容包括：公司通过银行汇款、资金回流的方式取得虚开的增值税发票，套取资金用于发放员工工资奖金。根据《中华人民共和国个人所得税法》第二、三、六条，应追缴个人所得税 2,954,322.62元。根据《中华人民共和国税收征收管理法》第六十九条之规定，对公司的涉税违法行为，拟处以罚款计4,431,483.93元。",根据公告内容，莱绅通灵珠宝股份有限公司收到税务机关行政处罚事项告知书提到的主要内容是什么？,莱绅通灵珠宝股份有限公司收到的税务机关行政处罚事项告知书中提到了哪些主要内容？
149,莱绅通灵珠宝股份有限公司收到税务机关行政处罚事项告知书的最新情况是什么？,莱绅通灵珠宝股份有限公司最新公告显示，收到税务机关行政处罚事项告知书的进展为：原告知书违法事实变更，应追缴个人所得税金额由2954322.62元调整为3432427.22元，拟处罚金额由4431483.93元调整为5148640.83元。,莱绅通灵珠宝股份有限公司的税务处罚情况有什么更新？,莱绅通灵珠宝股份有限公司最新公告中提到的税务行政处罚事项告知书有哪些变化？
150,请问本次股东大会的网络投票是否合法有效？,是的，经办律师认为，本次股东大会的网络投票符合法律、法规、规范性文件以及《公司章程》等相关规定，网络投票的公告、表决方式和表决结果的统计均合法有效。,本次股东大会的网络投票是否符合法律、法规和公司章程的相关规定？,本次股东大会网络投票的合法性和有效性如何？
151,对于2023年第一次临时股东大会的法律意见，律师事务所的结论是什么？,律师事务所认为，公司2023年第一次临时股东大会的召集、召开程序符合《公司法》等相关法律法规的规定，召集人资格和出席会议人员资格合法有效，表决程序和结果符合规定，属于合法有效的股东大会。,律师事务所就2023年第一次临时股东大会给出的法律意见是什么？,律师事务所对于2023年第一次临时股东大会提供了什么样的结论？
152,董事长收到行政处罚决定书的公告内容是什么？,董事长收到中国证监会河北监管局出具的《行政处罚决定书》（[2023]9号），在冀中能源任职期间存在信息披露违规问题，因此被处以警告并罚款20万元。,董事长因何事项收到行政处罚决定书？,公司董事长收到监管机构行政处罚决定书的主要内容是什么？
153,金陵饭店股份有限公司2023年第一次临时股东大会是否合法有效？,金陵饭店股份有限公司2023年第一次临时股东大会的召集、召开程序、出席会议人员资格、召集人资格均符合法律、法规、规范性文件及《公司章程》的规定；出席本次股东大会的人员资格、召集人资格均合法有效，符合法律、法规、规范性文件及《公司章程》的规定；关联股东对相关议案进行了回避表决，本次股东大会的表决程序符合有关法律、法规、规范性文件及《公司章程》的规定。本次股东大会的表决结果及决议合法有效。,金陵饭店股份有限公司2023年第一次临时股东大会是否符合法律规定？,2023年金陵饭店股份有限公司股东大会的召集程序和表决程序是否合规？
154,本次股东大会的召集和召开程序是否符合法律规定？,是的，公司本次股东大会的召集和召开程序符合法律、法规、规范性文件及《公司章程》的规定；本次会议召集人资格合法有效；出席本次股东大会人员的资格合法有效；表决程序和表决结果合法有效。,公司本次股东大会是否符合法律规定？,本次股东大会的召开程序是否合法？
155,北京首都开发股份有限公司因何收到行政处罚事先告知书？,北京首都开发股份有限公司收到行政处罚事先告知书是因为涉嫌违反了《中华人民共和国证券法》第七十八条第二款、《公司债券发行与交易管理办法》第四条、《银行间债券市场非金融企业债务融资工具管理办法》第七条的规定，构成《证券法》第一百九十七条第二款所述的违法行为。具体涉嫌违法行为是在2021年存货减值测试中，高估下属子公司存货可变现净值，少计提存货跌价准备4.05亿元，少计资产减值损失4.05亿元，导致公司年度报告存在错报。公司已就此进行主动更正。公司时任董事长李岩、时任董事兼总经理赵龙节、时任总会计师容宇对公司财务会计报告的真实性、准确性、完整性承担主要责任。,为何北京首都开发股份有限公司收到行政处罚事先告知书？,什么原因导致北京首都开发股份有限公司收到行政处罚事先告知书？
156,首开股份因何被中国证监会处罚？,首开股份因为在2021年存货减值测试中高估下属子公司存货可变现净值，少计提存货跌价准备4.05亿元，少计资产减值损失4.05亿元，导致错报并在2022年5月至2023年5月期间的发行文件以及在银行间债券市场披露的2021年年度报告中存在错报。公司收到中国证监会的《行政处罚决定书》，对其信息披露违法行为给予警告，并处以150万元的罚款。,首开股份因何被中国证监会惩罚？,中国证监会对首开股份有何处罚？
